text,rating,source,date
"The highlight of our Jordan trip. Noor and her mother were so warm, and the maqluba lunch was the best meal we had all week. Watching the stone press was fascinating.",5,Google Maps,2026-04-12
"Beautiful olive grove and great stories about the family history. Hard to find the farm though - our taxi got lost twice and there is no sign on the main road.",4,TripAdvisor,2026-04-20
"We loved picking za'atar in the garden and the sage tea. I wish we could have bought more products, the shop only had a few jars left.",5,Google Maps,2026-05-02
"Lovely people but the tour felt long in the afternoon heat and there was not much shade between the grove and the press.",3,TripAdvisor,2026-05-15
"Un accueil chaleureux et un déjeuner délicieux. Le pressoir en pierre est impressionnant. Dommage que la réservation par WhatsApp soit un peu lente.",4,Google Maps,2026-05-21
"Wir durften beim Pressen helfen, das war ein Erlebnis! Das Olivenöl ist hervorragend, wir haben drei Flaschen gekauft.",5,Google Maps,2026-06-03
"Our guide translated for us but some of the stories got lost in translation. Still a very authentic experience and the oil was excellent.",4,TripAdvisor,2026-06-10
"My father uses a wheelchair and they took him through the grove on the farm cart. So kind and thoughtful. The toilet was clean too.",5,Google Maps,2026-06-18
"Good value for a full lunch and tour. We wanted to take a cooking class too but there was no option to book one.",4,Booking,2026-07-01
"تجربة رائعة، الضيافة كانت ممتازة والزيت طازج. نتمنى لو كان هناك ورشة لتعليم صنع الزعتر.",5,Google Maps,2026-07-09
"The kids loved feeding the chickens and running in the grove. Lunch was delicious. Parking was a bit difficult for our minivan.",4,Google Maps,2026-07-22
"Booked through a friend of a friend - it would be great if the farm had a proper listing online with photos and prices. We almost did not go because we could not find any information.",4,TripAdvisor,2026-08-05
"Came for the olive harvest in November last year and came back this spring with friends. Picking olives with the family is something we will never forget.",5,Google Maps,2026-08-14
"The tour was too long for us and the bus left before we could buy oil. Wish the shop opened earlier in the tour.",3,TripAdvisor,2026-08-30
"Fantastic za'atar - we have been using the jar we bought every morning since we got home. Please start selling online!",5,Google Maps,2026-09-11
